<?xml version="1.0" encoding="UTF-8"?>
<config xmlns="http://www.knime.org/2008/09/XMLConfig" xmlns:xsi="http://www.w3.org/2001/XMLSchema-instance" xsi:schemaLocation="http://www.knime.org/2008/09/XMLConfig http://www.knime.org/XMLConfig_2008_09.xsd" key="settings.xml">
<entry key="name" type="xstring" value="Create Temp Dir"/>
<config key="model">
<entry key="baseName" type="xstring" value="knime_tempcreator_"/>
<entry key="variableName" type="xstring" value="temp_path"/>
<entry key="deleteOnReset" type="xboolean" value="true"/>
<config key="variable_name_pairs">
<config key="dataset">
<entry key="variableName" type="xstring" value="dataset"/>
<entry key="fileName" type="xstring" value="dataset.arff"/>
</config>
<config key="results">
<entry key="variableName" type="xstring" value="results"/>
<entry key="fileName" type="xstring" value="results.arff"/>
</config>
</config>
</config>
<entry key="hasContent" type="xboolean" value="false"/>
<entry key="isInactive" type="xboolean" value="false"/>
<config key="ports">
<config key="port_1">
<entry key="index" type="xint" value="1"/>
<entry key="port_dir_location" type="xstring" isnull="true" value=""/>
</config>
</config>
<config key="filestores">
<entry key="file_store_location" type="xstring" isnull="true" value=""/>
<entry key="file_store_id" type="xstring" isnull="true" value=""/>
</config>
</config>
