<?xml version="1.0" encoding="UTF-8"?>
<config xmlns="http://www.knime.org/2008/09/XMLConfig" xmlns:xsi="http://www.w3.org/2001/XMLSchema-instance" xsi:schemaLocation="http://www.knime.org/2008/09/XMLConfig http://www.knime.org/XMLConfig_2008_09.xsd" key="settings.xml">
<entry key="name" type="xstring" value="OpenML Uploader"/>
<config key="model">
<entry key="uploadworkflow" type="xboolean" value="true"/>
<entry key="version" type="xstring" value="1.0"/>
<entry key="implements" type="xstring" value="Bayes"/>
<entry key="licence" type="xstring" value="public domain"/>
<entry key="uploadresult" type="xstring" value="No"/>
<entry key="resultfile" type="xstring" value="/tmp/knime_tempcreator_6379004e-8bca-4371-aa48-a4300d36a1d7/results.arff"/>
<entry key="workflowid" type="xstring" value="knime.user.OpenMLTemplate_1.0"/>
<entry key="dependency" type="xstring" value="none"/>
<entry key="workflowcredentials" type="xstring" value="cred"/>
<entry key="creator" type="xstring" value=""/>
<entry key="contributor" type="xstring" value=""/>
<entry key="language" type="xstring" value=""/>
<entry key="description" type="xstring" value="OpenML template"/>
<entry key="summary" type="xstring" value=""/>
<entry key="fulldescription" type="xstring" value=""/>
<entry key="uploadedworkflow" type="xstring" isnull="true" value=""/>
<config key="name_variable_pairs"/>
<config key="references"/>
</config>
<config key="variables">
<config key="resultfile">
<entry key="used_variable" type="xstring" value="results"/>
<entry key="exposed_variable" type="xstring" isnull="true" value=""/>
</config>
</config>
<entry key="hasContent" type="xboolean" value="false"/>
<entry key="isInactive" type="xboolean" value="false"/>
<config key="ports"/>
<config key="filestores">
<entry key="file_store_location" type="xstring" isnull="true" value=""/>
<entry key="file_store_id" type="xstring" isnull="true" value=""/>
</config>
</config>
