<?xml version="1.0" encoding="utf-8"?>
<!DOCTYPE knimeNode PUBLIC "-//UNIKN//DTD KNIME Node 2.0//EN" "http://www.knime.org/Node.dtd">
<knimeNode icon="./uploader16x16.png" type="Meta">
    <name>OpenML Uploader</name>

    <shortDescription>
        Uploads the workflow and results to OpenML.
    </shortDescription>

    <fullDescription>
        <intro>
            Uploads the workflow and results to OpenML.
        </intro>
        <option name="Workflow credentials">
            Login information for OpenML.
        </option>
        <option name="Version">
            Version of this workflow.
        </option>
        <option name="Upload workflow">
            If the workflow should be uploaded during
            the next run. (Will automatically reset once the workflow
            has been uploaded successfully.)
        </option>
        <option name="Implements">
            The learning method that has been
            implemented.
        </option>
        <option name="Dependencies">
            Additional plugins that have been used in
            this workflow.
        </option>
        <option name="Licence">
            Licence under which this workflow will be
            published.
        </option>
        <option name="Upload result">
            If the result should be uploaded during the
            next run. If once is selected it will automatically reset
            once the result
            has been uploaded successfully. Will not
            reset if always is selected.
        </option>
        <option name="Result file location">
            Location of the result file that will be
            uploaded.
        </option>
        <option name="Parameters">
            Important parameters that are special to
            this run. Name is the
            identifier that will be uploaded to the
            server, variable is the name
            of the variable that holds the
            value that will be uploaded.
        </option>
        <option name="Creator">
            Creator of this workflow.
        </option>
        <option name="Contributor">
            Contributors to this workflow. This can be a
            comma separated list.
        </option>
        <option name="Language">
            The language that this workflows annotations
            are in.
        </option>
        <option name="Short description">
            A short description what this workflow does.
        </option>
        <option name="Summary">
            A summary of what the workflow does.
        </option>
        <option name="Full description">
            A detailed description of the workflow.
        </option>
        <option name="References">
            References to papers. All parameters have to
            be filled. The year has to be an integer.
        </option>
    </fullDescription>

    <ports>
        <inPort name="Variable port" index="0">
            For the variable with
            the result files location.
        </inPort>
    </ports>
</knimeNode>
