<?xml version="1.0" encoding="UTF-8"?>
<config xmlns="http://www.knime.org/2008/09/XMLConfig" xmlns:xsi="http://www.w3.org/2001/XMLSchema-instance" xsi:schemaLocation="http://www.knime.org/2008/09/XMLConfig http://www.knime.org/XMLConfig_2008_09.xsd" key="settings.xml">
<entry key="name" type="xstring" value="ARFF Reader"/>
<config key="model">
<entry key="FileURL" type="xstring" value="file:/tmp/knime_tempcreator_9a9d3183-d955-4eeb-bf01-279ea3bff561/splits.arff"/>
<entry key="RowPrefix" type="xstring" value=""/>
</config>
<config key="variables">
<config key="FileURL">
<entry key="used_variable" type="xstring" value="splits"/>
<entry key="exposed_variable" type="xstring" isnull="true" value=""/>
</config>
</config>
<entry key="hasContent" type="xboolean" value="false"/>
<entry key="isInactive" type="xboolean" value="false"/>
<config key="ports">
<config key="port_1">
<entry key="index" type="xint" value="1"/>
<entry key="port_dir_location" type="xstring" isnull="true" value=""/>
</config>
</config>
<config key="filestores">
<entry key="file_store_location" type="xstring" isnull="true" value=""/>
<entry key="file_store_id" type="xstring" isnull="true" value=""/>
</config>
</config>
